{
    "model_name": "SeisLMForMagnitudePrediction",
    "uses_tabular_features": false,
    "confusion_matrix": [
        [
            0,
            37,
            18,
            0
        ],
        [
            0,
            99,
            137,
            0
        ],
        [
            0,
            49,
            196,
            0
        ],
        [
            0,
            19,
            93,
            0
        ]
    ],
    "classification_report": {
        "Low (< 1.5)": {
            "precision": 0.0,
            "recall": 0.0,
            "f1-score": 0.0,
            "support": 55.0
        },
        "Moderate (1.5\u20132.5)": {
            "precision": 0.4852941176470588,
            "recall": 0.4194915254237288,
            "f1-score": 0.45,
            "support": 236.0
        },
        "High (2.5\u20133.5)": {
            "precision": 0.44144144144144143,
            "recall": 0.8,
            "f1-score": 0.5689404934687954,
            "support": 245.0
        },
        "Very High (> 3.5)": {
            "precision": 0.0,
            "recall": 0.0,
            "f1-score": 0.0,
            "support": 112.0
        },
        "accuracy": 0.45524691358024694,
        "macro avg": {
            "precision": 0.23168388977212506,
            "recall": 0.3048728813559322,
            "f1-score": 0.25473512336719883,
            "support": 648.0
        },
        "weighted avg": {
            "precision": 0.3436459335152146,
            "recall": 0.45524691358024694,
            "f1-score": 0.37899756311705995,
            "support": 648.0
        }
    },
    "roc_auc": {
        "0": 0.8417292656753028,
        "1": 0.6088427678130657,
        "2": 0.6561199169494101,
        "3": 0.6760394456289979
    },
    "accuracy": 0.45524691358024694
}