{
    "model_name": "SeisLMForMagnitudePrediction",
    "uses_tabular_features": false,
    "confusion_matrix": [
        [
            0,
            30,
            25,
            0
        ],
        [
            0,
            111,
            125,
            0
        ],
        [
            0,
            62,
            183,
            0
        ],
        [
            0,
            30,
            82,
            0
        ]
    ],
    "classification_report": {
        "Low (< 1.5)": {
            "precision": 0.0,
            "recall": 0.0,
            "f1-score": 0.0,
            "support": 55.0
        },
        "Moderate (1.5\u20132.5)": {
            "precision": 0.47639484978540775,
            "recall": 0.4703389830508475,
            "f1-score": 0.47334754797441364,
            "support": 236.0
        },
        "High (2.5\u20133.5)": {
            "precision": 0.44096385542168676,
            "recall": 0.746938775510204,
            "f1-score": 0.5545454545454546,
            "support": 245.0
        },
        "Very High (> 3.5)": {
            "precision": 0.0,
            "recall": 0.0,
            "f1-score": 0.0,
            "support": 112.0
        },
        "accuracy": 0.4537037037037037,
        "macro avg": {
            "precision": 0.22933967630177363,
            "recall": 0.30431943964026287,
            "f1-score": 0.25697325062996706,
            "support": 648.0
        },
        "weighted avg": {
            "precision": 0.3402242733451689,
            "recall": 0.4537037037037037,
            "f1-score": 0.3820581137123426,
            "support": 648.0
        }
    },
    "roc_auc": {
        "0": 0.834493331289284,
        "1": 0.6144479183807801,
        "2": 0.6641515166860789,
        "3": 0.6743736673773987
    },
    "accuracy": 0.4537037037037037
}