{
    "model_name": "SeisLMForMagnitudePrediction",
    "uses_tabular_features": false,
    "confusion_matrix": [
        [
            6,
            48,
            15,
            0
        ],
        [
            29,
            479,
            74,
            7
        ],
        [
            3,
            265,
            75,
            16
        ],
        [
            7,
            168,
            18,
            2
        ]
    ],
    "classification_report": {
        "Low (< 1.5)": {
            "precision": 0.13333333333333333,
            "recall": 0.08695652173913043,
            "f1-score": 0.10526315789473684,
            "support": 69.0
        },
        "Moderate (1.5\u20132.5)": {
            "precision": 0.49895833333333334,
            "recall": 0.8132427843803056,
            "f1-score": 0.618463524854745,
            "support": 589.0
        },
        "High (2.5\u20133.5)": {
            "precision": 0.41208791208791207,
            "recall": 0.20891364902506965,
            "f1-score": 0.27726432532347506,
            "support": 359.0
        },
        "Very High (> 3.5)": {
            "precision": 0.08,
            "recall": 0.010256410256410256,
            "f1-score": 0.01818181818181818,
            "support": 195.0
        },
        "accuracy": 0.4636963696369637,
        "macro avg": {
            "precision": 0.2810948946886447,
            "recall": 0.27984234135022895,
            "f1-score": 0.25479320656369375,
            "support": 1212.0
        },
        "weighted avg": {
            "precision": 0.3850049659842358,
            "recall": 0.4636963696369637,
            "f1-score": 0.39160191532241234,
            "support": 1212.0
        }
    },
    "roc_auc": {
        "0": 0.7031838411502909,
        "1": 0.5625090271892126,
        "2": 0.5735581774304683,
        "3": 0.5555454705897184
    },
    "accuracy": 0.4636963696369637
}