{
    "model_name": "SeisLMForMagnitudePrediction",
    "uses_tabular_features": false,
    "confusion_matrix": [
        [
            0,
            54,
            1,
            0
        ],
        [
            0,
            197,
            32,
            7
        ],
        [
            0,
            164,
            72,
            9
        ],
        [
            0,
            94,
            9,
            9
        ]
    ],
    "classification_report": {
        "Low (< 1.5)": {
            "precision": 0.0,
            "recall": 0.0,
            "f1-score": 0.0,
            "support": 55.0
        },
        "Moderate (1.5\u20132.5)": {
            "precision": 0.38703339882121807,
            "recall": 0.8347457627118644,
            "f1-score": 0.5288590604026846,
            "support": 236.0
        },
        "High (2.5\u20133.5)": {
            "precision": 0.631578947368421,
            "recall": 0.2938775510204082,
            "f1-score": 0.4011142061281337,
            "support": 245.0
        },
        "Very High (> 3.5)": {
            "precision": 0.36,
            "recall": 0.08035714285714286,
            "f1-score": 0.13138686131386862,
            "support": 112.0
        },
        "accuracy": 0.42901234567901236,
        "macro avg": {
            "precision": 0.3446530865474098,
            "recall": 0.30224511414735383,
            "f1-score": 0.26534003196117173,
            "support": 648.0
        },
        "weighted avg": {
            "precision": 0.4419702534368373,
            "recall": 0.42901234567901236,
            "f1-score": 0.36697383830799324,
            "support": 648.0
        }
    },
    "roc_auc": {
        "0": 0.8263069139966274,
        "1": 0.615476386374856,
        "2": 0.6566567073479517,
        "3": 0.6250333155650319
    },
    "accuracy": 0.42901234567901236
}