{
    "model_name": "SeisLMForMagnitudePrediction",
    "uses_tabular_features": false,
    "confusion_matrix": [
        [
            10,
            59,
            0,
            0
        ],
        [
            38,
            525,
            12,
            14
        ],
        [
            0,
            345,
            5,
            9
        ],
        [
            2,
            186,
            6,
            1
        ]
    ],
    "classification_report": {
        "Low (< 1.5)": {
            "precision": 0.2,
            "recall": 0.14492753623188406,
            "f1-score": 0.16806722689075632,
            "support": 69.0
        },
        "Moderate (1.5\u20132.5)": {
            "precision": 0.47085201793721976,
            "recall": 0.8913412563667232,
            "f1-score": 0.6161971830985915,
            "support": 589.0
        },
        "High (2.5\u20133.5)": {
            "precision": 0.21739130434782608,
            "recall": 0.013927576601671309,
            "f1-score": 0.02617801047120419,
            "support": 359.0
        },
        "Very High (> 3.5)": {
            "precision": 0.041666666666666664,
            "recall": 0.005128205128205128,
            "f1-score": 0.0091324200913242,
            "support": 195.0
        },
        "accuracy": 0.44636963696369636,
        "macro avg": {
            "precision": 0.2324774972379281,
            "recall": 0.26383114358212095,
            "f1-score": 0.20489371013796906,
            "support": 1212.0
        },
        "weighted avg": {
            "precision": 0.31130389177053797,
            "recall": 0.44636963696369636,
            "f1-score": 0.3182471181332534,
            "support": 1212.0
        }
    },
    "roc_auc": {
        "0": 0.6685939619866357,
        "1": 0.5507879884560986,
        "2": 0.5607670127062604,
        "3": 0.5494339812923883
    },
    "accuracy": 0.44636963696369636
}