{
    "model_name": "SeisLMForMagnitudePrediction",
    "uses_tabular_features": false,
    "confusion_matrix": [
        [
            0,
            44,
            11,
            0
        ],
        [
            0,
            78,
            148,
            0
        ],
        [
            0,
            39,
            202,
            0
        ],
        [
            0,
            19,
            89,
            0
        ]
    ],
    "classification_report": {
        "Low (< 1.5)": {
            "precision": 0.0,
            "recall": 0.0,
            "f1-score": 0.0,
            "support": 55.0
        },
        "Moderate (1.5\u20132.5)": {
            "precision": 0.43333333333333335,
            "recall": 0.34513274336283184,
            "f1-score": 0.3842364532019705,
            "support": 226.0
        },
        "High (2.5\u20133.5)": {
            "precision": 0.4488888888888889,
            "recall": 0.8381742738589212,
            "f1-score": 0.5846599131693198,
            "support": 241.0
        },
        "Very High (> 3.5)": {
            "precision": 0.0,
            "recall": 0.0,
            "f1-score": 0.0,
            "support": 108.0
        },
        "accuracy": 0.4444444444444444,
        "macro avg": {
            "precision": 0.22055555555555556,
            "recall": 0.29582675430543826,
            "f1-score": 0.24222409159282254,
            "support": 630.0
        },
        "weighted avg": {
            "precision": 0.3271675485008818,
            "recall": 0.4444444444444444,
            "f1-score": 0.36149282142452605,
            "support": 630.0
        }
    },
    "roc_auc": {
        "0": 0.778403162055336,
        "1": 0.5683759747656182,
        "2": 0.6665137761469455,
        "3": 0.6505959982971478
    },
    "accuracy": 0.4444444444444444
}