{
    "model_name": "SeisLMForMagnitudePrediction",
    "uses_tabular_features": false,
    "confusion_matrix": [
        [
            0,
            136,
            0,
            0
        ],
        [
            0,
            1480,
            13,
            2
        ],
        [
            0,
            995,
            34,
            5
        ],
        [
            0,
            404,
            11,
            2
        ]
    ],
    "classification_report": {
        "Low (< 1.5)": {
            "precision": 0.0,
            "recall": 0.0,
            "f1-score": 0.0,
            "support": 136.0
        },
        "Moderate (1.5\u20132.5)": {
            "precision": 0.49087893864013266,
            "recall": 0.9899665551839465,
            "f1-score": 0.656319290465632,
            "support": 1495.0
        },
        "High (2.5\u20133.5)": {
            "precision": 0.5862068965517241,
            "recall": 0.03288201160541586,
            "f1-score": 0.06227106227106227,
            "support": 1034.0
        },
        "Very High (> 3.5)": {
            "precision": 0.2222222222222222,
            "recall": 0.004796163069544364,
            "f1-score": 0.009389671361502348,
            "support": 417.0
        },
        "accuracy": 0.4918883841661259,
        "macro avg": {
            "precision": 0.3248270143535198,
            "recall": 0.25691118246472666,
            "f1-score": 0.18199500602454916,
            "support": 3082.0
        },
        "weighted avg": {
            "precision": 0.46485029557694607,
            "recall": 0.4918883841661259,
            "f1-score": 0.34052599305390807,
            "support": 3082.0
        }
    },
    "roc_auc": {
        "0": 0.3913307176230982,
        "1": 0.6025251152233974,
        "2": 0.5588128626692457,
        "3": 0.6661564556984806
    },
    "accuracy": 0.4918883841661259
}