{
    "model_name": "SeisLMForMagnitudePrediction",
    "uses_tabular_features": false,
    "confusion_matrix": [
        [
            0,
            49,
            20,
            0
        ],
        [
            0,
            519,
            70,
            0
        ],
        [
            0,
            251,
            108,
            0
        ],
        [
            0,
            145,
            50,
            0
        ]
    ],
    "classification_report": {
        "Low (< 1.5)": {
            "precision": 0.0,
            "recall": 0.0,
            "f1-score": 0.0,
            "support": 69.0
        },
        "Moderate (1.5\u20132.5)": {
            "precision": 0.5383817427385892,
            "recall": 0.8811544991511036,
            "f1-score": 0.6683837733419189,
            "support": 589.0
        },
        "High (2.5\u20133.5)": {
            "precision": 0.43548387096774194,
            "recall": 0.3008356545961003,
            "f1-score": 0.35584843492586493,
            "support": 359.0
        },
        "Very High (> 3.5)": {
            "precision": 0.0,
            "recall": 0.0,
            "f1-score": 0.0,
            "support": 195.0
        },
        "accuracy": 0.5173267326732673,
        "macro avg": {
            "precision": 0.24346640342658277,
            "recall": 0.29549753843680093,
            "f1-score": 0.256058052066946,
            "support": 1212.0
        },
        "weighted avg": {
            "precision": 0.3906316469888188,
            "recall": 0.5173267326732673,
            "f1-score": 0.43022081735707574,
            "support": 1212.0
        }
    },
    "roc_auc": {
        "0": 0.5153105861767279,
        "1": 0.6364107078133898,
        "2": 0.6060830690958015,
        "3": 0.601240450797973
    },
    "accuracy": 0.5173267326732673
}