{
    "model_name": "SeisLMForMagnitudePrediction",
    "uses_tabular_features": false,
    "confusion_matrix": [
        [
            0,
            54,
            1,
            0
        ],
        [
            0,
            174,
            62,
            0
        ],
        [
            0,
            150,
            95,
            0
        ],
        [
            0,
            56,
            56,
            0
        ]
    ],
    "classification_report": {
        "Low (< 1.5)": {
            "precision": 0.0,
            "recall": 0.0,
            "f1-score": 0.0,
            "support": 55.0
        },
        "Moderate (1.5\u20132.5)": {
            "precision": 0.4009216589861751,
            "recall": 0.7372881355932204,
            "f1-score": 0.5194029850746269,
            "support": 236.0
        },
        "High (2.5\u20133.5)": {
            "precision": 0.4439252336448598,
            "recall": 0.3877551020408163,
            "f1-score": 0.41394335511982566,
            "support": 245.0
        },
        "Very High (> 3.5)": {
            "precision": 0.0,
            "recall": 0.0,
            "f1-score": 0.0,
            "support": 112.0
        },
        "accuracy": 0.41512345679012347,
        "macro avg": {
            "precision": 0.2112117231577587,
            "recall": 0.28126080940850917,
            "f1-score": 0.23333658504861315,
            "support": 648.0
        },
        "weighted avg": {
            "precision": 0.3138567804995802,
            "recall": 0.41512345679012347,
            "f1-score": 0.3456716458055081,
            "support": 648.0
        }
    },
    "roc_auc": {
        "0": 0.8813736011037866,
        "1": 0.5739468487740662,
        "2": 0.5886362485440827,
        "3": 0.7039079157782515
    },
    "accuracy": 0.41512345679012347
}