{
    "model_name": "SeisLMForMagnitudePrediction",
    "uses_tabular_features": false,
    "confusion_matrix": [
        [
            0,
            0,
            3,
            0
        ],
        [
            0,
            0,
            193,
            0
        ],
        [
            0,
            0,
            359,
            0
        ],
        [
            0,
            0,
            75,
            0
        ]
    ],
    "classification_report": {
        "Low (< 1.5)": {
            "precision": 0.0,
            "recall": 0.0,
            "f1-score": 0.0,
            "support": 3.0
        },
        "Moderate (1.5\u20132.5)": {
            "precision": 0.0,
            "recall": 0.0,
            "f1-score": 0.0,
            "support": 193.0
        },
        "High (2.5\u20133.5)": {
            "precision": 0.5698412698412698,
            "recall": 1.0,
            "f1-score": 0.7259858442871587,
            "support": 359.0
        },
        "Very High (> 3.5)": {
            "precision": 0.0,
            "recall": 0.0,
            "f1-score": 0.0,
            "support": 75.0
        },
        "accuracy": 0.5698412698412698,
        "macro avg": {
            "precision": 0.14246031746031745,
            "recall": 0.25,
            "f1-score": 0.18149646107178968,
            "support": 630.0
        },
        "weighted avg": {
            "precision": 0.3247190728143109,
            "recall": 0.5698412698412698,
            "f1-score": 0.4136966953953809,
            "support": 630.0
        }
    },
    "roc_auc": {
        "0": 0.47900053163211054,
        "1": 0.5540603028183209,
        "2": 0.5811037219007288,
        "3": 0.582846846846847
    },
    "accuracy": 0.5698412698412698
}