{
    "model_name": "SeisLMForMagnitudePrediction",
    "uses_tabular_features": false,
    "confusion_matrix": [
        [
            0,
            63,
            6,
            0
        ],
        [
            0,
            550,
            39,
            0
        ],
        [
            0,
            306,
            53,
            0
        ],
        [
            0,
            166,
            29,
            0
        ]
    ],
    "classification_report": {
        "Low (< 1.5)": {
            "precision": 0.0,
            "recall": 0.0,
            "f1-score": 0.0,
            "support": 69.0
        },
        "Moderate (1.5\u20132.5)": {
            "precision": 0.5069124423963134,
            "recall": 0.933786078098472,
            "f1-score": 0.6571087216248507,
            "support": 589.0
        },
        "High (2.5\u20133.5)": {
            "precision": 0.41732283464566927,
            "recall": 0.14763231197771587,
            "f1-score": 0.21810699588477367,
            "support": 359.0
        },
        "Very High (> 3.5)": {
            "precision": 0.0,
            "recall": 0.0,
            "f1-score": 0.0,
            "support": 195.0
        },
        "accuracy": 0.4975247524752475,
        "macro avg": {
            "precision": 0.23105881926049565,
            "recall": 0.270354597519047,
            "f1-score": 0.2188039293774061,
            "support": 1212.0
        },
        "weighted avg": {
            "precision": 0.3699590150241121,
            "recall": 0.4975247524752475,
            "f1-score": 0.3839417892406525,
            "support": 1212.0
        }
    },
    "roc_auc": {
        "0": 0.5407711717194771,
        "1": 0.6441120924820205,
        "2": 0.6086922446420465,
        "3": 0.6082898419181604
    },
    "accuracy": 0.4975247524752475
}