{
    "model_name": "SeisLMForMagnitudePrediction",
    "uses_tabular_features": false,
    "confusion_matrix": [
        [
            0,
            30,
            39,
            0
        ],
        [
            0,
            252,
            337,
            0
        ],
        [
            0,
            95,
            264,
            0
        ],
        [
            0,
            38,
            157,
            0
        ]
    ],
    "classification_report": {
        "Low (< 1.5)": {
            "precision": 0.0,
            "recall": 0.0,
            "f1-score": 0.0,
            "support": 69.0
        },
        "Moderate (1.5\u20132.5)": {
            "precision": 0.6072289156626506,
            "recall": 0.42784380305602715,
            "f1-score": 0.50199203187251,
            "support": 589.0
        },
        "High (2.5\u20133.5)": {
            "precision": 0.3312421580928482,
            "recall": 0.7353760445682451,
            "f1-score": 0.45674740484429066,
            "support": 359.0
        },
        "Very High (> 3.5)": {
            "precision": 0.0,
            "recall": 0.0,
            "f1-score": 0.0,
            "support": 195.0
        },
        "accuracy": 0.42574257425742573,
        "macro avg": {
            "precision": 0.2346177684388747,
            "recall": 0.2908049619060681,
            "f1-score": 0.23968485917920015,
            "support": 1212.0
        },
        "weighted avg": {
            "precision": 0.3932126782843512,
            "recall": 0.42574257425742573,
            "f1-score": 0.37924556527393455,
            "support": 1212.0
        }
    },
    "roc_auc": {
        "0": 0.7642106330911534,
        "1": 0.6326935497496913,
        "2": 0.5938405170020931,
        "3": 0.6155560598038474
    },
    "accuracy": 0.42574257425742573
}