{
    "model_name": "SeisLMForMagnitudePrediction",
    "uses_tabular_features": false,
    "confusion_matrix": [
        [
            0,
            121,
            0,
            0
        ],
        [
            0,
            1574,
            0,
            0
        ],
        [
            0,
            1084,
            0,
            0
        ],
        [
            0,
            467,
            0,
            0
        ]
    ],
    "classification_report": {
        "Low (< 1.5)": {
            "precision": 0.0,
            "recall": 0.0,
            "f1-score": 0.0,
            "support": 121.0
        },
        "Moderate (1.5\u20132.5)": {
            "precision": 0.4849044978434997,
            "recall": 1.0,
            "f1-score": 0.6531120331950208,
            "support": 1574.0
        },
        "High (2.5\u20133.5)": {
            "precision": 0.0,
            "recall": 0.0,
            "f1-score": 0.0,
            "support": 1084.0
        },
        "Very High (> 3.5)": {
            "precision": 0.0,
            "recall": 0.0,
            "f1-score": 0.0,
            "support": 467.0
        },
        "accuracy": 0.4849044978434997,
        "macro avg": {
            "precision": 0.12122612446087493,
            "recall": 0.25,
            "f1-score": 0.1632780082987552,
            "support": 3246.0
        },
        "weighted avg": {
            "precision": 0.23513237202885662,
            "recall": 0.4849044978434997,
            "f1-score": 0.31669696249197865,
            "support": 3246.0
        }
    },
    "roc_auc": {
        "0": 0.5143669421487603,
        "1": 0.5718296115708006,
        "2": 0.5130764189233012,
        "3": 0.6180754557930271
    },
    "accuracy": 0.4849044978434997
}