{
    "model_name": "SeisLMForMagnitudePrediction",
    "uses_tabular_features": false,
    "confusion_matrix": [
        [
            0,
            29,
            40,
            0
        ],
        [
            0,
            231,
            358,
            0
        ],
        [
            0,
            65,
            294,
            0
        ],
        [
            0,
            32,
            163,
            0
        ]
    ],
    "classification_report": {
        "Low (< 1.5)": {
            "precision": 0.0,
            "recall": 0.0,
            "f1-score": 0.0,
            "support": 69.0
        },
        "Moderate (1.5\u20132.5)": {
            "precision": 0.6470588235294118,
            "recall": 0.3921901528013582,
            "f1-score": 0.4883720930232558,
            "support": 589.0
        },
        "High (2.5\u20133.5)": {
            "precision": 0.34385964912280703,
            "recall": 0.8189415041782729,
            "f1-score": 0.4843492586490939,
            "support": 359.0
        },
        "Very High (> 3.5)": {
            "precision": 0.0,
            "recall": 0.0,
            "f1-score": 0.0,
            "support": 195.0
        },
        "accuracy": 0.43316831683168316,
        "macro avg": {
            "precision": 0.24772961816305472,
            "recall": 0.3027829142449078,
            "f1-score": 0.2431803379180874,
            "support": 1212.0
        },
        "weighted avg": {
            "precision": 0.41630632103458026,
            "recall": 0.43316831683168316,
            "f1-score": 0.3808024312258435,
            "support": 1212.0
        }
    },
    "roc_auc": {
        "0": 0.5611218887494135,
        "1": 0.661970257285112,
        "2": 0.6299705773821381,
        "3": 0.6024304767667599
    },
    "accuracy": 0.43316831683168316
}