{
    "model_name": "SeisLMForMagnitudePrediction",
    "uses_tabular_features": false,
    "confusion_matrix": [
        [
            0,
            0,
            1,
            0
        ],
        [
            0,
            0,
            48,
            0
        ],
        [
            0,
            0,
            91,
            0
        ],
        [
            0,
            0,
            10,
            0
        ]
    ],
    "classification_report": {
        "Low (< 1.5)": {
            "precision": 0.0,
            "recall": 0.0,
            "f1-score": 0.0,
            "support": 1.0
        },
        "Moderate (1.5\u20132.5)": {
            "precision": 0.0,
            "recall": 0.0,
            "f1-score": 0.0,
            "support": 48.0
        },
        "High (2.5\u20133.5)": {
            "precision": 0.6066666666666667,
            "recall": 1.0,
            "f1-score": 0.7551867219917012,
            "support": 91.0
        },
        "Very High (> 3.5)": {
            "precision": 0.0,
            "recall": 0.0,
            "f1-score": 0.0,
            "support": 10.0
        },
        "accuracy": 0.6066666666666667,
        "macro avg": {
            "precision": 0.15166666666666667,
            "recall": 0.25,
            "f1-score": 0.1887966804979253,
            "support": 150.0
        },
        "weighted avg": {
            "precision": 0.36804444444444445,
            "recall": 0.6066666666666667,
            "f1-score": 0.4581466113416321,
            "support": 150.0
        }
    },
    "roc_auc": {
        "0": 0.47651006711409394,
        "1": 0.511233660130719,
        "2": 0.5649096666045819,
        "3": 0.7021428571428572
    },
    "accuracy": 0.6066666666666667
}