{
    "model_name": "SeisLMForMagnitudePrediction",
    "uses_tabular_features": false,
    "confusion_matrix": [
        [
            0,
            0,
            3,
            0
        ],
        [
            0,
            0,
            199,
            0
        ],
        [
            0,
            0,
            367,
            0
        ],
        [
            0,
            0,
            79,
            0
        ]
    ],
    "classification_report": {
        "Low (< 1.5)": {
            "precision": 0.0,
            "recall": 0.0,
            "f1-score": 0.0,
            "support": 3.0
        },
        "Moderate (1.5\u20132.5)": {
            "precision": 0.0,
            "recall": 0.0,
            "f1-score": 0.0,
            "support": 199.0
        },
        "High (2.5\u20133.5)": {
            "precision": 0.566358024691358,
            "recall": 1.0,
            "f1-score": 0.7231527093596058,
            "support": 367.0
        },
        "Very High (> 3.5)": {
            "precision": 0.0,
            "recall": 0.0,
            "f1-score": 0.0,
            "support": 79.0
        },
        "accuracy": 0.566358024691358,
        "macro avg": {
            "precision": 0.1415895061728395,
            "recall": 0.25,
            "f1-score": 0.18078817733990146,
            "support": 648.0
        },
        "weighted avg": {
            "precision": 0.32076141213229686,
            "recall": 0.566358024691358,
            "f1-score": 0.4095633400231101,
            "support": 648.0
        }
    },
    "roc_auc": {
        "0": 0.45943152454780356,
        "1": 0.5158755917672997,
        "2": 0.5890988780823645,
        "3": 0.674734711129897
    },
    "accuracy": 0.566358024691358
}