{
    "model_name": "SeisLMForMagnitudePrediction",
    "uses_tabular_features": false,
    "confusion_matrix": [
        [
            1,
            0
        ],
        [
            2,
            0
        ]
    ],
    "classification_report": {
        "Low (< 1.5)": {
            "precision": 0.0,
            "recall": 0.0,
            "f1-score": 0.0,
            "support": 0.0
        },
        "Moderate (1.5\u20132.5)": {
            "precision": 0.3333333333333333,
            "recall": 1.0,
            "f1-score": 0.5,
            "support": 1.0
        },
        "High (2.5\u20133.5)": {
            "precision": 0.0,
            "recall": 0.0,
            "f1-score": 0.0,
            "support": 0.0
        },
        "Very High (> 3.5)": {
            "precision": 0.0,
            "recall": 0.0,
            "f1-score": 0.0,
            "support": 2.0
        },
        "micro avg": {
            "precision": 0.3333333333333333,
            "recall": 0.3333333333333333,
            "f1-score": 0.3333333333333333,
            "support": 3.0
        },
        "macro avg": {
            "precision": 0.08333333333333333,
            "recall": 0.25,
            "f1-score": 0.125,
            "support": 3.0
        },
        "weighted avg": {
            "precision": 0.1111111111111111,
            "recall": 0.3333333333333333,
            "f1-score": 0.16666666666666666,
            "support": 3.0
        },
        "accuracy": 0.3333333333333333
    },
    "roc_auc": {
        "0": NaN,
        "1": 1.0,
        "2": NaN,
        "3": 1.0
    },
    "accuracy": 0.3333333333333333
}