{
    "model_name": "SeisLMForMagnitudePrediction",
    "uses_tabular_features": false,
    "confusion_matrix": [
        [
            0,
            43,
            12,
            0
        ],
        [
            0,
            108,
            118,
            0
        ],
        [
            0,
            69,
            172,
            0
        ],
        [
            0,
            50,
            58,
            0
        ]
    ],
    "classification_report": {
        "Low (< 1.5)": {
            "precision": 0.0,
            "recall": 0.0,
            "f1-score": 0.0,
            "support": 55.0
        },
        "Moderate (1.5\u20132.5)": {
            "precision": 0.4,
            "recall": 0.4778761061946903,
            "f1-score": 0.43548387096774194,
            "support": 226.0
        },
        "High (2.5\u20133.5)": {
            "precision": 0.4777777777777778,
            "recall": 0.7136929460580913,
            "f1-score": 0.5723793677204659,
            "support": 241.0
        },
        "Very High (> 3.5)": {
            "precision": 0.0,
            "recall": 0.0,
            "f1-score": 0.0,
            "support": 108.0
        },
        "accuracy": 0.4444444444444444,
        "macro avg": {
            "precision": 0.21944444444444444,
            "recall": 0.2978922630631954,
            "f1-score": 0.25196580967205195,
            "support": 630.0
        },
        "weighted avg": {
            "precision": 0.3262610229276896,
            "recall": 0.4444444444444444,
            "f1-score": 0.3751790197767333,
            "support": 630.0
        }
    },
    "roc_auc": {
        "0": 0.8368063241106719,
        "1": 0.5570840269867695,
        "2": 0.6526896286893726,
        "3": 0.6492833829998582
    },
    "accuracy": 0.4444444444444444
}