{
    "model_name": "SeisLMForMagnitudePrediction",
    "uses_tabular_features": false,
    "confusion_matrix": [
        [
            0,
            89,
            27,
            5
        ],
        [
            2,
            1151,
            343,
            78
        ],
        [
            0,
            704,
            288,
            92
        ],
        [
            2,
            294,
            112,
            59
        ]
    ],
    "classification_report": {
        "Low (< 1.5)": {
            "precision": 0.0,
            "recall": 0.0,
            "f1-score": 0.0,
            "support": 121.0
        },
        "Moderate (1.5\u20132.5)": {
            "precision": 0.5142984807864165,
            "recall": 0.7312579415501906,
            "f1-score": 0.6038824763903463,
            "support": 1574.0
        },
        "High (2.5\u20133.5)": {
            "precision": 0.37402597402597404,
            "recall": 0.2656826568265683,
            "f1-score": 0.3106796116504854,
            "support": 1084.0
        },
        "Very High (> 3.5)": {
            "precision": 0.25213675213675213,
            "recall": 0.12633832976445397,
            "f1-score": 0.16833095577746077,
            "support": 467.0
        },
        "accuracy": 0.4614910659272951,
        "macro avg": {
            "precision": 0.28511530173728566,
            "recall": 0.28081973203530325,
            "f1-score": 0.2707232609545731,
            "support": 3246.0
        },
        "weighted avg": {
            "precision": 0.41056618233205133,
            "recall": 0.4614910659272951,
            "f1-score": 0.4207942924262494,
            "support": 3246.0
        }
    },
    "roc_auc": {
        "0": 0.5656145454545454,
        "1": 0.5710738343780208,
        "2": 0.5431842697242883,
        "3": 0.6090532157285484
    },
    "accuracy": 0.4614910659272951
}